Public Service Comission,https://www.psc.gov.sg/home
Lee Tzu Yang,,
Kwa Chong Seng,,
Chua Sock Koong,,
Po'ad Mattar,,
Edward D'Silva,,
Lily Kong,,
Alan Chan,,
Sudha Nair,,
Benjamin Ong,,
Euleen Goh,,
,,
Esplanade,https://www.esplanade.com/microsite/annual-report/build/corporate-board.html,
LEE TZU YANG,,
YVONNE THAM,,
JANET ANG,,
ROSA DANIEL,,
LILY KONG Lee Lee,,
JENNIFER LEE Gek Choo,,
CLARA LIM-TAN,,
KENNY POWAR,,
SIM HWEE CHER,,
SUHAIMI ZAINUL ABIDIN,,
MING TAN,,
YAP CHEE MENG,,
ANDRE YEAP,,
,,
IPOS,https://www.ipos.gov.sg/who-we-are/board-of-directors,
Stanley LAI,,
Ali Ijaz AHMAD,,
Douglas FOO,,
Rena LEE,,
LIM Kuo-Yi,,
NEO Gim Huay,,
Calvin Phua,,
Suresh SACHI,,
Nicky TAN,,
TAN Pei-En,,
Ted TAN,,
Eric TEO,,
TSUI Kai Chong,,
Audrey YAP,,
