Pan Ocean,https://www.panocean.com/en/esg/governance/bod/comp-bod
Kim Hong Kuk,
Ahn Joong Ho,
Cheon Se Gi,
Choi Seung Hwan,
Jeong Hak Soo,
Oh Kwang Soo,
Christopher Anand Daniel,
,
SBS Transit,https://www.sbstransit.com.sg/home/boardofdirectors
Bob Tan Beng Hai,
Yang Ban Seng,
Cheng Siak Kian,
Lim Seh Chun,
Desmond Choo Pey Ching,
Chua Mui Hoong,
Susan Kong Yim Pui,
Lee Sok Koon (Mrs Constance Koh),
Tan Kim Siew,
Yu Ching Man,
,
SIA Engineering,https://www.siaec.com.sg/board_directors.html
https://www.siaec.com.sg/board_directors.html,
Tang Kin Fei,
Chew Teck Soon,
Christina Ong,
Manohar Khiatani,
Goh Choon Phong,
Ng Chin Hwee,
Raj Thampuran,
Wee Siew Kim,
Mak Swee Wah,
Chin Yau Seng,
Quek Bin Hwee,
Lim Kong Puay,
,
Enterprise Singapore,https://www.enterprisesg.gov.sg/about-us/board-of-directors
Peter Ong Boon Kwee,
Png Cheong Boon,
Beh Swan Gin,
Â Chin Wei Jia,
Luke Goh,
Piyush Gupta,
Vivek Kumar,
Jeanne Liew,
Lim Chow Kiat,
Lim Ming Yan,
Loke Wai San,
Pierre Lorinet,
Mohamed Nasser Bin Ismail,
Dilhan Pillay Sandrasegara,
Daniel Wong,
,
Temasek Holdings,https://www.temasek.com.sg/en/about-us/our-leadership
Dilhan Pillay Sandrasegara,
CHIA Song Hwee,
Jonathon ALLAWAY,
Fidah ALSAGOFF,
Jane ATHERTON,
Michael BUCHANAN,
CHAN Wai Ching,
Gregory CURL,
Nicolas DEBETENCOURT,
Nagi HAMIYEH,
Steve HOWARD,
Uwe KRUEGER,
Ravi LAMBAH,
LEONG Wai Leng,
John MARREN,
PEK Siok Lan,
PNG Chin Yee,
Rohit SIPAHIMALANI,
TAN Chong Lee,
Juliet TEO,
Russell THAM,
Benoit VALENTIN,
John VASKE,
WU Yibing,
YEOH Keat Chuan,
Michael ZELLER,
,
Singapore Economic Development Board,https://www.edb.gov.sg/en/about-edb/our-team/board-members.html
Beh Swan Gin,
Jacqueline Poh,
Desmond Choo,
Gan Seow Kee,
Cindy Hook,
Alex Hungate,
Forrest Li,
Liew Wei Li,
Loh Boon Chye,
Loh Chin Hua,
Ilian Lubomirov Mihov,
Png Cheong Boon,
Magesvaran Suranjan,
Irving Tan,
Tan Wern Yuen,
