go,name
National Library Board,Lee Seow Hiang
National Library Board,Ling Tok Hong
National Library Board,Khor Un-hun
National Library Board,Elmie Nekmat
National Library Board,Chng Hak-peng
National Library Board,Dennis Goh
National Library Board,Melissa Kwee
National Library Board,Sylvia Lee
National Library Board,Lim Bee Kwan
National Library Board,Janice Goh
National Library Board,Ong Sin Wei
National Library Board,Surinder Devraj Kathpalia
National Library Board,Lim Hui Chen Jane
National Library Board,Sandhya Devanathan
National Library Board,Loh Woon Yen
National Library Board,Honor Harger
National Library Board,Tan Tai Yong
National Library Board,Norshahril Bin Saat
SMRT,Seah Moon Ming
SMRT,Lee Fook Sun
SMRT,Neo Kian Hong
SMRT,Moliah Hashim
SMRT,Judy Lee
SMRT,Lee Ling Wee
SMRT,Abu Bakar Mohd Nor
SMRT,Philip Nalliah Pillai
SMRT,Quek Gim Pew
SMRT,Peter Tan Boon Heng
SMRT,Tan Chian Khong
SMRT,Tan Ek Kia
SMRT,William Tan Seng Koon
SMRT,Yap Kim Wah
