legal,name
Public Service Comission,Lee Tzu Yang
Public Service Comission,Kwa Chong Seng
Public Service Comission,Chua Sock Koong
Public Service Comission,Po'ad Mattar
Public Service Comission,Edward D'silva
Public Service Comission,Lily Kong
Public Service Comission,Alan Chan
Public Service Comission,Sudha Nair
Public Service Comission,Benjamin Ong
Public Service Comission,Euleen Goh
Esplanade,Lee Tzu Yang
Esplanade,Yvonne Tham
Esplanade,Janet Ang
Esplanade,Rosa Daniel
Esplanade,Lily Kong Lee Lee
Esplanade,Jennifer Lee Gek Choo
Esplanade,Clara Lim-tan
Esplanade,Kenny Powar
Esplanade,Sim Hwee Cher
Esplanade,Suhaimi Zainul Abidin
Esplanade,Ming Tan
Esplanade,Yap Chee Meng
Esplanade,Andre Yeap
IPOS,Stanley Lai
IPOS,Ali Ijaz Ahmad
IPOS,Douglas Foo
IPOS,Rena Lee
IPOS,Lim Kuo-yi
IPOS,Neo Gim Huay
IPOS,Calvin Phua
IPOS,Suresh Sachi
IPOS,Nicky Tan
IPOS,Tan Pei-en
IPOS,Ted Tan
IPOS,Eric Teo
IPOS,Tsui Kai Chong
IPOS,Audrey Yap
