misc,name
Pan Ocean,Kim Hong Kuk
Pan Ocean,Ahn Joong Ho
Pan Ocean,Cheon Se Gi
Pan Ocean,Choi Seung Hwan
Pan Ocean,Jeong Hak Soo
Pan Ocean,Oh Kwang Soo
Pan Ocean,Christopher Anand Daniel
SBS Transit,Bob Tan Beng Hai
SBS Transit,Yang Ban Seng
SBS Transit,Cheng Siak Kian
SBS Transit,Lim Seh Chun
SBS Transit,Desmond Choo Pey Ching
SBS Transit,Chua Mui Hoong
SBS Transit,Susan Kong Yim Pui
SBS Transit,Lee Sok Koon (mrs Constance Koh)
SBS Transit,Tan Kim Siew
SBS Transit,Yu Ching Man
SIA Engineering,Https://www.siaec.com.sg/board_directors.html
SIA Engineering,Tang Kin Fei
SIA Engineering,Chew Teck Soon
SIA Engineering,Christina Ong
SIA Engineering,Manohar Khiatani
SIA Engineering,Goh Choon Phong
SIA Engineering,Ng Chin Hwee
SIA Engineering,Raj Thampuran
SIA Engineering,Wee Siew Kim
SIA Engineering,Mak Swee Wah
SIA Engineering,Chin Yau Seng
SIA Engineering,Quek Bin Hwee
SIA Engineering,Lim Kong Puay
Enterprise Singapore,Peter Ong Boon Kwee
Enterprise Singapore,Png Cheong Boon
Enterprise Singapore,Beh Swan Gin
Enterprise Singapore,Chin Wei Jia
Enterprise Singapore,Luke Goh
Enterprise Singapore,Piyush Gupta
Enterprise Singapore,Vivek Kumar
Enterprise Singapore,Jeanne Liew
Enterprise Singapore,Lim Chow Kiat
Enterprise Singapore,Lim Ming Yan
Enterprise Singapore,Loke Wai San
Enterprise Singapore,Pierre Lorinet
Enterprise Singapore,Mohamed Nasser Bin Ismail
Enterprise Singapore,Dilhan Pillay Sandrasegara
Enterprise Singapore,Daniel Wong
Temasek Holdings,Dilhan Pillay Sandrasegara
Temasek Holdings,Chia Song Hwee
Temasek Holdings,Jonathon Allaway
Temasek Holdings,Fidah Alsagoff
Temasek Holdings,Jane Atherton
Temasek Holdings,Michael Buchanan
Temasek Holdings,Chan Wai Ching
Temasek Holdings,Gregory Curl
Temasek Holdings,Nicolas Debetencourt
Temasek Holdings,Nagi Hamiyeh
Temasek Holdings,Steve Howard
Temasek Holdings,Uwe Krueger
Temasek Holdings,Ravi Lambah
Temasek Holdings,Leong Wai Leng
Temasek Holdings,John Marren
Temasek Holdings,Pek Siok Lan
Temasek Holdings,Png Chin Yee
Temasek Holdings,Rohit Sipahimalani
Temasek Holdings,Tan Chong Lee
Temasek Holdings,Juliet Teo
Temasek Holdings,Russell Tham
Temasek Holdings,Benoit Valentin
Temasek Holdings,John Vaske
Temasek Holdings,Wu Yibing
Temasek Holdings,Yeoh Keat Chuan
Temasek Holdings,Michael Zeller
Singapore Economic Development Board,Beh Swan Gin
Singapore Economic Development Board,Jacqueline Poh
Singapore Economic Development Board,Desmond Choo
Singapore Economic Development Board,Gan Seow Kee
Singapore Economic Development Board,Cindy Hook
Singapore Economic Development Board,Alex Hungate
Singapore Economic Development Board,Forrest Li
Singapore Economic Development Board,Liew Wei Li
Singapore Economic Development Board,Loh Boon Chye
Singapore Economic Development Board,Loh Chin Hua
Singapore Economic Development Board,Ilian Lubomirov Mihov
Singapore Economic Development Board,Png Cheong Boon
Singapore Economic Development Board,Magesvaran Suranjan
Singapore Economic Development Board,Irving Tan
Singapore Economic Development Board,Tan Wern Yuen
