poly,name
Singapore Polytechnic,Janet Ang
Singapore Polytechnic,Marcus H C Lam
Singapore Polytechnic,Azlinda Bte Anwar
Singapore Polytechnic,Freddy Boey Yin Chiang
Singapore Polytechnic,Albert Chan
Singapore Polytechnic,Joseph Chua
Singapore Polytechnic,Amos Leong
Singapore Polytechnic,Lian Ghim Hua
Singapore Polytechnic,David Low
Singapore Polytechnic,Joan Moh
Singapore Polytechnic,Ng Pak Shun
Singapore Polytechnic,Soh Wai Wah
Singapore Polytechnic,Tan Poh Hong
Singapore Polytechnic,David Tan Wei-son
Singapore Polytechnic,Martin Axel Wiktorin
Temasek Polytechnic,Lee Kok Choy
Temasek Polytechnic,Russell Tham
Temasek Polytechnic,Peter Lam
Temasek Polytechnic,Pey Kin Leong
Temasek Polytechnic,Fang Eu-lin
Temasek Polytechnic,Farhana Mansoor Nakhooda
Temasek Polytechnic,Francis Fong
Temasek Polytechnic,Alex Siow
Temasek Polytechnic,Goh Pei Ming
Temasek Polytechnic,Tan Kai Hoe
Temasek Polytechnic,How Kwang Hwee
Temasek Polytechnic,Adrian Tan Soon Chye
Temasek Polytechnic,Jin Yuen Yee
Temasek Polytechnic,Clarence Tang
Temasek Polytechnic,Catherine Loh
Temasek Polytechnic,Andrew Tjioe Ka Men
Temasek Polytechnic,Patrick Low
Temasek Polytechnic,Zhulkarnain Abdul Rahim
Temasek Polytechnic,Albert Yeo
Nanyang Polytechnic,Tan Tong Hai
Nanyang Polytechnic,Jessica Tan
Nanyang Polytechnic,Jeanne Liew
Nanyang Polytechnic,Tay Yong Seng
Nanyang Polytechnic,Lim Boon Huat
Nanyang Polytechnic,Daniel Ng Joo-then
Nanyang Polytechnic,Jackson Tan
Nanyang Polytechnic,Tham Sai Choy
Nanyang Polytechnic,Lavinia Low
Nanyang Polytechnic,Eugene Fidelis Soh
Nanyang Polytechnic,Mohamad Farid Mohd Nor
Nanyang Polytechnic,Jeanette Ng
Nanyang Polytechnic,Amit Malhotra
Nanyang Polytechnic,Shee Tse Koon
Nanyang Polytechnic,Tan Pei-en
Nanyang Polytechnic,Tan Lin Teck
Nanyang Polytechnic,Chan Ching Hao
Ngee Ann Polytechnic,Tang Kin Fei
Ngee Ann Polytechnic,Willie Tan
Ngee Ann Polytechnic,Lim Kok Kiang
Ngee Ann Polytechnic,Goh Kim Hock
Ngee Ann Polytechnic,Jamie Teo
Ngee Ann Polytechnic,James Teo
Ngee Ann Polytechnic,Dhirendra Shantilal
Ngee Ann Polytechnic,David Hung
Ngee Ann Polytechnic,Gilbert Tan
Ngee Ann Polytechnic,Edward Chia
Ngee Ann Polytechnic,Mohamed Elmie Bin Nekmat
Ngee Ann Polytechnic,Aaron Beng
Ngee Ann Polytechnic,Benedict Koh
Ngee Ann Polytechnic,Chua Tiow Chye
Ngee Ann Polytechnic,Esa Han Hsien Masood
Ngee Ann Polytechnic,Jan Chua
Ngee Ann Polytechnic,Ayesha Khanna
Ngee Ann Polytechnic,Pauline Goh
Republic Polytechnic,Wong Cheong Fook David
Republic Polytechnic,Jayson Goh
Republic Polytechnic,Aaron Voon-yew Thean
Republic Polytechnic,Clarence Tan
Republic Polytechnic,Colin Goh
Republic Polytechnic,Gerald Singham
Republic Polytechnic,Gilbert Tan
Republic Polytechnic,Isabella Loh
Republic Polytechnic,Jill Wong
Republic Polytechnic,Koh Chiap Khiong
Republic Polytechnic,Lim Woo Lip
Republic Polytechnic,Lucy Toh
Republic Polytechnic,Muhammad Nazri Bin Muhd
Republic Polytechnic,Oon Jin Teik
Republic Polytechnic,Sean Wat Jianwen
Republic Polytechnic,Teoh Chin Sim
Republic Polytechnic,Theresa Sim
Republic Polytechnic,Yeo Li Pheow
