uni,name
Nanyang Technological University,Goh Swee Chen
Nanyang Technological University,Dewi Fortuna Anwar
Nanyang Technological University,Leszek Borysiewicz
Nanyang Technological University,Goh Sin Teck
Nanyang Technological University,Lai Chung Han
Nanyang Technological University,Lam Chung Nian
Nanyang Technological University,Lee Shiang Long
Nanyang Technological University,Lim Chow Kiat
Nanyang Technological University,Lim Chuan Poh
Nanyang Technological University,Lo KienÂ foh
Nanyang Technological University,Low Check Kian
Nanyang Technological University,Anthony Mallek
Nanyang Technological University,David Su Tuong Sing
Nanyang Technological University,Tan Chin Hwee
Nanyang Technological University,Wong Yew Meng
Nanyang Technological University,Zainul Abidin Rasheed
Nanyang Technological University,Alexander J.B. Zehnder
Nanyang Technological University,Subra Suresh
National University of Singapore,Hsieh Fu Hua
National University of Singapore,Chan Heng Chee
National University of Singapore,Cheong Koon Hean
National University of Singapore,Chew Gek Khim
National University of Singapore,Goh Choon Phong
National University of Singapore,Peter Ho Hak Ean
National University of Singapore,Ho Teck Hua
National University of Singapore,Timothy Lawrence Killeen
National University of Singapore,Lai Chung Han
National University of Singapore,Lee Ming San
National University of Singapore,Forrest Li
National University of Singapore,Andrew Lim Ming-hui
National University of Singapore,Loh Chin Hua
National University of Singapore,Chaly Mah Chee Kheong
National University of Singapore,Sudha Nair
National University of Singapore,Ng Wai King
National University of Singapore,Bahren Shaari
National University of Singapore,Tan Eng Chye
National University of Singapore,Tan Hooi Ling
National University of Singapore,Jeanette Wong
National University of Singapore,Elaine Yew Wen Suen
SMU,Ho Kwon Ping
SMU,Beh Jit Han Paul
SMU,Piyush Gupta
SMU,Deborah Ho
SMU,Melissa Khoo
SMU,Maxwell King
SMU,Kho Hui Meng
SMU,Hugh Lim
SMU,Olivier Lim
SMU,Lim Kexin
SMU,Lim Ming Yan
SMU,Edmund Lin
SMU,Ivy Ng
SMU,Arif P. Rachmat
SMU,Juthika Ramanathan
SMU,Ganen Sarvananthan
SMU,Panote Sirivadhanabhakdi
SMU,Jaime Augusto Zobel De Ayala
SMU,Nigel Thrift
SMU,Sunny Verghese
